JWH.181FI_2026.DACA.PV,float,5000,10000
JWH.181ADI_2002.DACA.PV,float,5,10
JWH.182FI_1011.DACA.PV,float,5000,10000
JWH.182TI_1011.DACA.PV,float,400,600
JWH.182PI_1011.DACA.PV,float,5,10
JWH.182AE_1010.DACA.PV,double,10,20
JWH.182TI_1010.DACA.PV,float,400,600
JWH.182PI_1010.DACA.PV,float,5,10
JWH.182FI_2010.DACA.PV,float,5000,10000
JWH.182TI_2011.DACA.PV,float,400,600
JWH.182PI_2011.DACA.PV,float,5,10
JWH.182AE_2010.DACA.PV,double,10,20
JWH.182TI_2010.DACA.PV,float,400,600
JWH.182PI_2010.DACA.PV,float,5,10
JWH.181PIC_1032B.PIDA.OP,switching,30,0
FHS.125HIC_1009B.AUTOMANA.OP,switching,30,0
JWH.181PIC_1032A.PIDA.OP,switching,30,0
JWH.181AI_1005A.DACA.PV,float,5,10
JWH.181FI_1026.DACA.PV,float,5000,10000
JWH.181PIC_1032A.DACA.PV,float,5,10
JWH.181FIC_1001B.PIDA.OP,switching,30,0
JWH.181FIC_1001A.PIDA.OP,switching,30,0
JWH.181XV_1001.DEVCTLA.PVFL1,switching,0,0
JWH.181PIC_2002.PIDA.OP,switching,30,0
JWH.181PIC_1002.DACA.PV,float,5,10
JWH.181AI_1002A.DACA.PV,float,5,10
JWH.181PIC_2032B.PIDA.OP,switching,30,0
JWH.181HIC_2009.AUTOMANA.OP,switching,30,0
JWH.181PIC_2032A.PIDA.OP,switching,30,0
JWH.181AI_2005A.DACA.PV,float,5,10
JWH.181PIC_2032A.DACA.PV,float,5,10
JWH.181FIC_2001B.PIDA.OP,switching,30,0
JWH.181FIC_2001A.PIDA.OP,switching,30,0
JWH.181XV_2001.DEVCTLA.PVFL1,switching,0,0
JWH.181PIC_2002.DACA.PV,float,5,10
JH.161PIC_2014A.PIDA.OP,switching,30,0
JH.161PIC_2014B.PIDA.OP,switching,30,0
JH.161TI_2014.DACA.PV,float,400,600
JH.161AI_2013.DACA.PV,float,5,25
JH.161FI_2014.DACA.PV,float,5000,10000
JH.161PIC_2014A.DACA.PV,float,5,10
JH.161AI_2009.DACA.PV,float,5,25
JH.161PI_2003.DACA.PV,float,5,10
JH.161FI_2002.DACA.PV,double,30,100
JH.161TI_2003.DACA.PV,float,400,600
JH.161PIC_1014A.PIDA.OP,switching,30,0
JH.161PIC_1014B.PIDA.OP,switching,30,0
FHS.124TI_1014.DACA.PV,float,400,600
JH.161AI_1013.DACA.PV,float,5,25
JH.161FI_1014.DACA.PV,float,5000,10000
JH.161PIC_1014A.DACA.PV,float,5,10
JH.161AI_1009.DACA.PV,float,5,25
JH.161PI_1003.DACA.PV,float,5,10
FHS.124FI_1002.DACA.PV,float,5000,10000
JH.161TI_1003.DACA.PV,float,400,600
FHS.124PIC_2012.PIDA.OP,switching,30,0
FHS.124PIC_2012.DACA.PV,float,5,10
FHS.124UV_2002.DEVCTLA.GPV,switching,0,0
FHS.124TI_2021.DACA.PV,float,400,600
FHS.124AIC_2001.pida.PV,switching,5,25
FHS.124FI_2004.DACA.PV,float,5000,10000
FHS.124FIC_2003.DACA.PV,float,5000,10000
FHS.124PI_2001.DACA.PV,float,5,10
FHS.124TI_2001.DACA.PV,float,400,600
FHS.125UV_2001A.DEVCTLA.GPV,switching,0,0
FHS.124PIC_1012.DACA.PV,float,5,10
FHS.124PIC_1012.PIDA.OP,switching,30,0
FHS.124UV_1002.DEVCTLA.GPV,switching,0,0
FHS.124TI_1021.DACA.PV,float,400,600
FHS.124AIC_1001.pida.PV,switching,5,25
FHS.124FI_1004.DACA.PV,float,5000,10000
FHS.124FIC_1003.DACA.PV,float,5000,10000
FHS.124PI_1001.DACA.PV,float,5,10
FHS.124TI_1001.DACA.PV,float,400,600
FHS.124UV_1001.DEVCTLA.GPV,switching,0,0
QH_C.121FIC_37002A.DACA.PV,float,5000,10000
QH_C.121FIC_36002A.DACA.PV,float,5000,10000
QH_C.121FIC_35002A.DACA.PV,float,5000,10000
QH_C.121FIC_34002A.DACA.PV,float,5000,10000
QH_C.121FIC_33002A.DACA.PV,float,5000,10000
QH_C.121FIC_32002A.DACA.PV,float,5000,10000
QH_C.121FIC_31002A.DACA.PV,float,5000,10000
QH_B.121FIC_28002A.DACA.PV,float,5000,10000
QH_B.121FIC_27002A.DACA.PV,float,5000,10000
QH_B.121FIC_26002A.DACA.PV,float,5000,10000
QH_B.121FIC_25002A.DACA.PV,float,5000,10000
QH_B.121FIC_24002A.DACA.PV,float,5000,10000
QH_B.121FIC_23002A.DACA.PV,float,5000,10000
QH_B.121FIC_22002A.DACA.PV,float,5000,10000
QH_B.121FIC_21002A.DACA.PV,float,5000,10000
QH_A.121FIC_17002A.DACA.PV,float,5000,10000
QH_A.121FIC_16002A.DACA.PV,float,5000,10000
QH_A.121FIC_15002A.DACA.PV,float,5000,10000
QH_A.121FIC_14002A.DACA.PV,float,5000,10000
QH_A.121FIC_13002A.DACA.PV,float,5000,10000
QH_A.121FIC_12002A.DACA.PV,float,5000,10000
QH_C.121FI_37001.DACA.PV,float,200,500
QH_C.121FI_36001.DACA.PV,float,200,500
QH_C.121FI_35001.DACA.PV,float,200,500
QH_C.121FI_34001.DACA.PV,float,200,500
QH_C.121FI_33001.DACA.PV,float,200,500
QH_C.121FI_32001.DACA.PV,float,200,500
QH_C.121FI_31001.DACA.PV,float,200,500
QH_B.121FI_28001.DACA.PV,float,200,500
QH_B.121FI_27001.DACA.PV,float,200,500
QH_B.121FI_26001.DACA.PV,float,200,500
QH_B.121FI_25001.DACA.PV,float,200,500
QH_B.121FI_24001.DACA.PV,float,200,500
QH_B.121FI_23001.DACA.PV,float,200,500
QH_B.121FI_22001.DACA.PV,float,200,500
QH_B.121FI_21001.DACA.PV,float,200,500
QH_A.121UV_17012.DEVCTLA.GPV,switching,60,0
QH_A.121FI_17001.DACA.PV,float,200,500
QH_A.121FI_16001.DACA.PV,float,200,500
QH_A.121UV_15012.DEVCTLA.GPV,switching,60,0
QH_A.121FI_15001.DACA.PV,float,200,500
QH_A.121UV_14012.DEVCTLA.GPV,switching,60,0
QH_A.121FI_14001.DACA.PV,float,200,500
QH_A.121UV_13012.DEVCTLA.GPV,switching,60,0
QH_A.121FI_13001.DACA.PV,float,200,500
QH_A.121UV_12012.DEVCTLA.GPV,switching,60,0
QH_A.121FI_12001.DACA.PV,float,200,500
QH_A.121UV_11012.DEVCTLA.GPV,switching,60,0
DCS-RD.XI_QJGLSCB,float,300,600
DCS-RD.XI_QJGLSCA,float,300,600
DCS-RD.MSFLOW1,float,200,500
DCS-RD.03FT_A01BBCH,float,200,500
DCS-RD.XI_QJGLSCC,float,300,600
JWH.181TI_2020A.DACA.PV,switching,80,0
JWH.181TI_2020B.DACA.PV,switching,80,0
JWH.181TI_2020F.DACA.PV,switching,80,0
JWH.181TIC_2023.DACA.PV,switching,60,0
JWH.181TIC_2014.DACA.PV,switching,60,0
JWH.181TI_2010L.DACA.PV,switching,80,0
JWH.181TI_2010J.DACA.PV,switching,80,0
JWH.181TI_2011A.DACA.PV,switching,80,0
JWH.181TI_2010A.DACA.PV,switching,80,0
JWH.181TI_2038.DACA.PV,switching,80,0
JWH.181TI_2037H.DACA.PV,switching,80,0
JWH.181TI_2036H.DACA.PV,switching,80,0
JWH.181TI_2035H.DACA.PV,switching,80,0
JWH.181TI_2048.DACA.PV,switching,80,0
JWH.181TI_2045N.DACA.PV,switching,80,0
JWH.181TI_2047B.DACA.PV,switching,80,0
JWH.181TI_2045B.DACA.PV,switching,80,0
JWH.181FIC_2001B.DACA.PV,switching,60,0
JWH.181FIC_2001A.DACA.PV,switching,60,0
JH.161TI_1016.DACA.PV,float,400,600
JH.161TI_1005B.DACA.PV,float,400,600
JH.161TI_1005A.DACA.PV,float,400,600
JH.161FI_1002.DACA.PV,double,30,100
FHS.124AIC_1001.DACA.PV,float,5,25
JH.161TI_1002.DACA.PV,double,30,100
FHS.124TI_1013.DACA.PV,float,400,600
FHS.124TI_1012.DACA.PV,float,400,600
FHS.124PDIA_1011.DACA.PV,float,1,5
FHS.124PDIA_1008.DACA.PV,float,1,5
FHS.124PDIA_1005.DACA.PV,float,1,5
QH_B.121PIC_20000A.DACA.PV,float,5,10
JWH.181FIC_2008.PIDA.OP,switching,60,0
JWH.181XV_2002.DEVCTLA.PVFL1,switching,0,0
JWH.181XV_2003.DEVCTLA.PVFL1,switching,0,0
FHS.124TIC_1003.PIDA.OP,switching,30,0
FHS.124HIC_1007.AUTOMANA.OP,switching,30,0
JWH.182LI_1011.DACA.PV,float,30,90
JWH.182LIC_1010.DACA.PV,float,30,90
JWH.182TI_1020.DACA.PV,float,400,600
JWH.182LI_1014.DACA.PV,float,30,90
JWH.182TIC_1015.DACA.PV,float,400,600
JWH.182PI_1013.DACA.PV,float,5,10
JWH.182TI_1013.DACA.PV,float,400,600
JWH.182TI_1021.DACA.PV,float,400,600
JWH.182TI_1017.DACA.PV,float,400,600
JWH.182PI_1014.DACA.PV,float,5,10
JWH.182TI_1018.DACA.PV,float,400,600
JWH.182FIC_1012.DACA.PV,float,200,500
JWH.182TI_1014.DACA.PV,float,400,600
JWH.182TI_1016.DACA.PV,switching,80,0
JWH.182LIC_1012.DACA.PV,float,30,90
JWH.182LI_1015.DACA.PV,float,30,90
JWH.182FI_1010.DACA.PV,float,200,500
JWH.182FIC_1013.DACA.PV,float,200,500
JWH.182TI_1019.DACA.PV,float,400,600
JWH.182TI_1012.DACA.PV,float,400,600
JWH.182PDI_1014.DACA.PV,float,1,5
JWH.182PDI_1013.DACA.PV,float,1,5
JWH.182PDI_1012.DACA.PV,float,1,5
JWH.182PDI_1011.DACA.PV,float,1,5
JWH.182PDI_1010.DACA.PV,float,1,5
JWH.182PIC_1012.DACA.PV,float,5,10
JWH.182P101C.DEVCTLA.GPV,switching,30,0
JWH.182P101B.DEVCTLA.GPV,switching,30,0
JWH.182P101A.DEVCTLA.GPV,switching,30,0
JWH.182SDV_1010.DEVCTLA.PVFL1,switching,0,0
JWH.182LIC_1010.PIDA.OP,float,60,120
JWH.182P102.DEVCTLA.GPV,switching,0,0
JWH.182TIC_1015.PIDA.OP,int,400,600
JWH.182LIC_1012.PIDA.OP,float,60,120
JWH.181TI_1002.DACA.PV,float,400,600
JWH.181FIC_1001B.DACA.PV,switching,80,0
JWH.181FIC_1001A.DACA.PV,switching,80,0
JWH.181FQI_1001.PVALGO.PV,float,200,500
JWH.181FIC_1030.DACA.PV,switching,80,0
JWH.181TIC_1056.DACA.PV,switching,60,0
JWH.181FI_1029.DACA.PV,switching,80,0
JWH.181TIC_1057.DACA.PV,switching,60,0
JWH.181PI_1036.DACA.PV,switching,80,0
JWH.181FIC_1003.DACA.PV,switching,80,0
JWH.181FQI_1026.PVALGO.PV,float,200,500
JWH.181LIC_1023.DACA.PV,switching,80,0
JWH.181LI_1001.DACA.PV,switching,80,0
JWH.181TIC_1003.DACA.PV,switching,80,0
JWH.181TI_1004.DACA.PV,switching,80,0
JWH.181LIC_1018.DACA.PV,switching,80,0
JWH.181TIC_1043.DACA.PV,switching,60,0
JWH.181TI_1048.DACA.PV,switching,80,0
JWH.181PI_1028.DACA.PV,float,5,10
JWH.181TI_1047N.DACA.PV,switching,80,0
JWH.181TI_1046N.DACA.PV,switching,80,0
JWH.181TI_1047H.DACA.PV,switching,80,0
JWH.181TI_1046H.DACA.PV,switching,80,0
JWH.181TI_1045H.DACA.PV,switching,80,0
JWH.181TI_1045N.DACA.PV,switching,80,0
JWH.181TI_1047B.DACA.PV,switching,80,0
JWH.181TI_1046B.DACA.PV,switching,80,0
JWH.181TI_1045B.DACA.PV,switching,80,0
JWH.181TIC_1044.DACA.PV,switching,80,0
JWH.181LIC_1013.DACA.PV,switching,80,0
JWH.181TIC_1025.DACA.PV,switching,80,0
JWH.181TI_1021A.DACA.PV,switching,80,0
JWH.181TI_1020A.DACA.PV,switching,80,0
JWH.181PI_1069.DACA.PV,float,5,10
JWH.181PIC_1017.DACA.PV,float,5,10
JWH.181FIC_1021.DACA.PV,switching,80,0
JWH.181FIC_1020.DACA.PV,switching,80,0
JWH.181FIC_1025.DACA.PV,float,200,500
JWH.181TI_1037N.DACA.PV,switching,80,0
JWH.181TI_1036N.DACA.PV,switching,80,0
JWH.181TI_1035N.DACA.PV,switching,80,0
JWH.181PI_1078.DACA.PV,float,5,10
JWH.181TIC_1034.DACA.PV,switching,60,0
JWH.181TI_1038.DACA.PV,switching,80,0
JWH.181TI_1037H.DACA.PV,switching,80,0
JWH.181TI_1036H.DACA.PV,switching,80,0
JWH.181TI_1035H.DACA.PV,switching,80,0
JWH.181TI_1037B.DACA.PV,switching,80,0
JWH.181TI_1036B.DACA.PV,switching,80,0
JWH.181TI_1035B.DACA.PV,switching,80,0
JWH.181TI_1006.DACA.PV,switching,80,0
JWH.181AI_1003.DACA.PV,double,30,100
JWH.181TI_1019A.DACA.PV,switching,80,0
JWH.181PI_1006.DACA.PV,switching,80,0
JWH.181TIC_1023.DACA.PV,switching,60,0
JWH.181TI_1033.DACA.PV,switching,80,0
JWH.181FIC_1049.DACA.PV,float,200,500
JWH.181TI_1032.DACA.PV,switching,80,0
JWH.181PI_1025.DACA.PV,switching,80,0
JWH.181TIC_1095.DACA.PV,switching,80,0
JWH.181TIC_1016.DACA.PV,switching,60,0
JWH.181TI_1017.DACA.PV,switching,80,0
JWH.181TI_1015.DACA.PV,switching,80,0
JWH.181TI_1012C.DACA.PV,switching,80,0
JWH.181TI_1012H.DACA.PV,switching,80,0
JWH.181TI_1012M.DACA.PV,switching,80,0
JWH.181TIC_1014.DACA.PV,switching,60,0
JWH.181TIC_1008.DACA.PV,switching,80,0
JWH.181TIC_1018.DACA.PV,switching,80,0
JWH.181FIC_1008.DACA.PV,switching,80,0
JWH.181FIC_1032.DACA.PV,switching,80,0
JWH.181FIC_1010.DACA.PV,switching,80,0
JWH.181FI_1006.DACA.PV,switching,80,0
JWH.181LIC_1018.PIDA.OP,switching,60,0
JWH.181TIC_1016.PIDA.OP,switching,60,0
JWH.181XV_1002.DEVCTLA.PVFL1,switching,0,0
JWH.181FIC_1010.PIDA.OP,switching,60,0
JWH.181TIC_1008.PIDA.OP,switching,60,0
JWH.181FIC_1016.PIDA.OP,switching,60,0
JWH.181LIC_1013.PIDA.OP,switching,60,0
JWH.181HIC_1200.AUTOMANA.OP,switching,0,0
JWH.181FIC_1020.PIDA.OP,switching,60,0
JWH.181FIC_1025.PIDA.OP,switching,0,0
JWH.181TIC_1025.PIDA.OP,switching,60,0
JWH.181HIC_1005.AUTOMANA.OP,switching,0,0
JWH.181PIC_1017.PIDA.OP,switching,0,0
JWH.181HIC_1004.AUTOMANA.OP,switching,0,0
JWH.181FIC_1008.PIDA.OP,switching,60,0
JWH.181FIC_1032.PIDA.OP,switching,60,0
JWH.181TIC_1065.PIDA.OP,switching,60,0
JWH.181TIC_1018.PIDA.OP,switching,60,0
JWH.181TIC_1044.PIDA.OP,switching,60,0
JWH.181XV_1003.DEVCTLA.PVFL1,switching,0,0
JWH.181HIC_1008.AUTOMANA.OP,switching,0,0
JWH.181PIC_1002.PIDA.OP,switching,30,0
JWH.181TIC_1003.PIDA.OP,switching,60,0
JWH.181HIC_1009.AUTOMANA.OP,switching,30,0
JWH.181LIC_1023.PIDA.OP,switching,60,0
JWH.181FIC_1030.PIDA.OP,switching,60,0
JH.161FIC_1282.PIDA.OP,double,30,100
JH.161FIC_1920.PIDA.OP,double,30,100
JH.161TIC_1262.DACA.PV,float,400,600
JH.161PIC_1256A.PIDA.OP,double,30,100
JH.161PIC_1600.PIDA.OP,double,30,100
JH.161FIC_1121.PIDA.OP,double,30,100
JH.161PIC_1065.PIDA.OP,float,5,10
JH.161PIC_1062.PIDA.OP,float,5,10
JH.161FIC_1050A.PIDA.OP,double,30,100
JH.161FIC_1037.DACA.PV,double,30,100
JH.161FIC_1035.DACA.PV,double,30,100
JH.161FIC_1033.DACA.PV,double,30,100
JH.161FIC_1243.PIDA.OP,double,30,100
JH.161LI_1252B.DACA.PV,float,30,90
JH.161LI_1252A.DACA.PV,float,30,90
JH.161LIC_1404.DACA.PV,float,30,90
JH.161LIC_1257.DACA.PV,float,30,90
JH.161LIC_1267.DACA.PV,float,30,90
JH.161LIC_1136.DACA.PV,float,30,90
JH.161LIC_1217.DACA.PV,float,30,90
JH.161LIC_1133.DACA.PV,float,30,90
JH.161LIC_1121A.DACA.PV,float,30,90
JH.161LIC_1108.DACA.PV,float,30,90
JH.161LIC_1115.DACA.PV,float,30,90
JH.161LIC_1129.DACA.PV,float,30,90
JH.161LIC_1126.DACA.PV,float,30,90
JH.161LIC_1152.DACA.PV,float,30,90
JH.161LIC_1024.DACA.PV,float,30,90
JH.161LIC_1037A.DACA.PV,float,30,90
JH.161LIC_1035A.DACA.PV,float,30,90
JH.161LI_1040.DACA.PV,float,30,90
JH.161LI_1030.DACA.PV,float,30,90
JH.161LI_1031.DACA.PV,float,30,90
JH.161LI_1127.DACA.PV,float,30,90
JH.161LI_1403.DACA.PV,double,30,100
JH.161PDI_1031.DACA.PV,float,1,5
JH.161TI_1155.DACA.PV,double,30,100
JH.161FIC_1243.DACA.PV,double,30,100
JH.161FIC_1026.DACA.PV,double,30,100
JH.161FIC_1050A.DACA.PV,double,30,100
JH.161FIC_1282.DACA.PV,double,30,100
JH.161FIC_1920.DACA.PV,double,30,100
JH.161FIC_1121.DACA.PV,double,30,100
JH.161YI_P105C.DACA.PV,float,20,40
JH.161YI_P105B.DACA.PV,float,20,40
JH.161YI_P105A.DACA.PV,float,20,40
JH.161YI_P103B.DACA.PV,float,20,40
JH.161YI_P101B.DACA.PV,float,20,40
JH.161YI_P104A.DACA.PV,float,20,40
JH.161YI_P103A.DACA.PV,float,20,40
JH.161YI_P101A.DACA.PV,float,20,40
JH.161YI_P102B.DACA.PV,float,20,40
JH.161YI_P102A.DACA.PV,float,20,40
JH.161YI_P109B.DACA.PV,float,20,40
JH.161YI_P109A.DACA.PV,float,20,40
JH.161YI_P116B.DACA.PV,float,20,40
JH.161YI_P116A.DACA.PV,float,20,40
JH.161YI_P117B.DACA.PV,float,20,40
JH.161YI_P117A.DACA.PV,float,20,40
JH.161LI_1259B.DACA.PV,float,30,90
JH.161LI_1259A.DACA.PV,float,30,90
JH.161LI_1216.DACA.PV,float,30,90
JH.161LI_1265.DACA.PV,float,30,90
JH.161LI_1135.DACA.PV,float,30,90
JH.161LI_1132.DACA.PV,float,30,90
JH.161LI_1151.DACA.PV,float,30,90
JH.161LI_1130.DACA.PV,float,30,90
JH.161LI_1038.DACA.PV,float,30,90
JH.161LI_1033.DACA.PV,float,30,90
JH.161LIC_1042.DACA.PV,float,30,90
JH.161PIC_1600.DACA.PV,double,30,100
JH.161PIC_1014B.DACA.PV,double,30,100
JH.161PIC_1256A.DACA.PV,double,30,100
JH.161PIC_1411B.DACA.PV,float,5,10
JH.161PIC_1411A.DACA.PV,float,5,10
JH.161PIC_1132A.DACA.PV,float,5,10
JH.161PIC_1065.DACA.PV,float,5,10
JH.161PIC_1062.DACA.PV,float,5,10
JH.161LIC_1108.PIDA.OP,float,60,120
JH.161LIC_1267.PIDA.OP,float,60,120
JH.161FIC_1033.PIDA.OP,double,30,100
JH.161FIC_1037.PIDA.OP,double,30,100
JH.161FIC_1035.PIDA.OP,double,30,100
JH.161Y_P109B.DEVCTLA.GPV,switching,80,0
JH.161Y_P109A.DEVCTLA.GPV,switching,80,0
JH.161Y_P102B.DEVCTLA.GPV,switching,80,0
JH.161Y_P102A.DEVCTLA.GPV,switching,80,0
JH.161LIC_1115.PIDA.OP,float,60,120
JH.161LIC_1035A.PIDA.OP,float,60,120
JH.161LIC_1037A.PIDA.OP,float,60,120
JH.161LIC_1152.PIDA.OP,float,60,120
JH.161LIC_1133.PIDA.OP,float,60,120
JH.161Y_P101B.DEVCTLA.GPV,switching,80,0
JH.161Y_P101A.DEVCTLA.GPV,switching,80,0
JH.161Y_P105C.DEVCTLA.GPV,switching,80,0
JH.161Y_P105B.DEVCTLA.GPV,switching,80,0
JH.161LIC_1404.PIDA.OP,float,60,120
JH.161LIC_1136.PIDA.OP,float,60,120
JH.161Y_P103B.DEVCTLA.GPV,switching,80,0
JH.161Y_P103A.DEVCTLA.GPV,switching,80,0
JH.161Y_P105A.DEVCTLA.GPV,switching,80,0
JH.161LIC_1217.PIDA.OP,float,60,120
JH.161LIC_1121A.PIDA.OP,float,60,120
JH.161LIC_1257.PIDA.OP,float,60,120
JH.161Y_P104B.DEVCTLA.GPV,switching,80,0
JH.161Y_P104A.DEVCTLA.GPV,switching,80,0
JH.161Y_P107B.DEVCTLA.GPV,switching,80,0
JH.161Y_P107A.DEVCTLA.GPV,switching,80,0
JH.161Y_P106B.DEVCTLA.GPV,switching,80,0
JH.161Y_P106A.DEVCTLA.GPV,switching,80,0
JH.161LIC_1129.PIDA.OP,float,60,120
JH.161Y_P116B.DEVCTLA.GPV,switching,80,0
JH.161Y_P116A.DEVCTLA.GPV,switching,80,0
JH.161LIC_1126.PIDA.OP,float,60,120
JH.161Y_P117B.DEVCTLA.GPV,switching,80,0
JH.161Y_P117A.DEVCTLA.GPV,switching,80,0
JH.162LI_1001.DACA.PV,float,30,90
JH.162LIC_0007.DACA.PV,float,30,90
JH.162LIC_1006.DACA.PV,float,30,90
JH.162LI_1005B.DACA.PV,float,30,90
JH.162LIC_1004B.DACA.PV,float,30,90
JH.162LI_1002B.DACA.PV,float,30,90
JH.162LI_1002A.DACA.PV,float,30,90
JH.162LI_1005A.DACA.PV,float,30,90
JH.162LIC_1004A.DACA.PV,float,30,90
JH.162PDI_1001B.DACA.PV,float,1,5
JH.162PDI_1001A.DACA.PV,float,1,5
JH.162TIC_1018B.DACA.PV,float,400,600
JH.162TIC_1022B.DACA.PV,float,400,600
JH.162TIC_1022A.DACA.PV,float,400,600
JH.162TIC_1018A.DACA.PV,float,400,600
JH.162FIC_1002B.DACA.PV,float,200,500
JH.162YI_P101A.DACA.PV,float,20,40
JH.162YI_P101B.DACA.PV,float,20,40
JH.162YI_P101C.DACA.PV,float,20,40
JH.162PI_1004.DACA.PV,float,5,10
JH.162PI_0034.DACA.PV,float,5,10
JH.162PI_1031.DACA.PV,float,5,10
JH.162PI_1027B.DACA.PV,float,5,10
JH.162PI_0035.DACA.PV,float,5,10
JH.162PI_1027A.DACA.PV,float,5,10
JH.162PI_1030.DACA.PV,float,5,10
JH.162TI_1031.DACA.PV,float,400,600
JH.162TI_1021D.DACA.PV,float,400,600
JH.162TI_1025B.DACA.PV,float,400,600
JH.162TI_1021C.DACA.PV,float,400,600
JH.162TI_1020B.DACA.PV,float,400,600
JH.162TI_1024B.DACA.PV,float,400,600
JH.162TI_1009D.DACA.PV,float,400,600
JH.162TI_1009C.DACA.PV,float,400,600
JH.162TI_1023B.DACA.PV,float,400,600
JH.162TI_0005.DACA.PV,float,400,600
JH.162TI_1023A.DACA.PV,float,400,600
JH.162TI_1021B.DACA.PV,float,400,600
JH.162TI_1025A.DACA.PV,float,400,600
JH.162TI_1021A.DACA.PV,float,400,600
JH.162TI_1020A.DACA.PV,float,400,600
JH.162TI_1024A.DACA.PV,float,400,600
JH.162TI_1009B.DACA.PV,float,400,600
JH.162TI_1009A.DACA.PV,float,400,600
JH.162FI_0008.DACA.PV,float,200,500
JH.162FI_1006.DACA.PV,float,200,500
JH.162FI_1005.DACA.PV,float,200,500
JH.162FI_1004.DACA.PV,float,200,500
JH.162FI_0013.DACA.PV,float,200,500
JH.162FI_1001.DACA.PV,float,200,500
JH.162FIC_1002A.DACA.PV,float,200,500
JH.162TI_1004.DACA.PV,float,400,600
JH.162FI_1003.DACA.PV,float,200,500
JH.162Y_P102.DEVCTLA.GPV,switching,0,0
JH.162LIC_0007.PIDA.OP,switching,60,0
JH.162Y_P103.DEVCTLA.GPV,switching,0,0
JH.162LIC_1004A.PIDA.OP,float,60,120
JH.162LIC_1004B.PIDA.OP,float,60,120
JH.162LIC_1006.PIDA.OP,float,60,120
JH.162TIC_1022A2.AUTOMANA.OP,int,400,600
JH.162TIC_1022B2.AUTOMANA.OP,int,400,600
JH.162FIC_1002A.PIDA.OP,float,200,500
JH.162FIC_1002B.pida.PV,switching,5,25
JH.162Y_P101C.DEVCTLA.GPV,switching,0,0
JH.162Y_P101B.DEVCTLA.GPV,switching,0,0
JH.163LI_0005.DACA.PV,float,30,90
JH.163LI_0004.DACA.PV,float,30,90
JH.163LIC_0001.DACA.PV,float,30,90
JH.163LIC_0003.DACA.PV,float,30,90
JH.163LIC_0002.DACA.PV,float,30,90
JH.163Y_P001B.DEVCTLA.GPV,switching,0,0
JH.163Y_P001A.DEVCTLA.GPV,switching,0,0
JH.163PIC_0037.PIDA.OP,float,5,10
JH.163XV_0012.DEVCTLA.GPV,switching,0,0
JH.163FI_0009.DACA.PV,float,200,500
JH.163FIC_0007.DACA.PV,float,200,500
JH.163AIC_0001.DACA.PV,float,5,25
JH.163LI_0009.DACA.PV,float,30,90
JH.163LI_0008.DACA.PV,float,30,90
JH.163YI_C002B.DACA.PV,float,20,40
JH.163YI_C002A.DACA.PV,float,20,40
JH.163YI_C001B.DACA.PV,float,20,40
JH.163YI_C001A.DACA.PV,float,20,40
JH.163PIC_0038.DACA.PV,float,5,10
JH.163HIC_0012.AUTOMANA.OP,float,200,500
JH.163TIC_0009.DACA.PV,float,400,600
JH.163FIC_0004.DACA.PV,float,200,500
JH.163FIC_0003.DACA.PV,float,200,500
JH.163LIC_0007.DACA.PV,float,30,90
JH.163PIC_0034.DACA.PV,float,5,10
JH.163PIC_0037.DACA.PV,float,5,10
JH.163PIC_0036.DACA.PV,float,5,10
JH.163PIC_0033.DACA.PV,float,5,10
JH.163PIC_0032.DACA.PV,float,5,10
JH.163PI_0031.DACA.PV,float,5,10
JH.163TI_0015.DACA.PV,float,400,600
JH.163TI_0012.DACA.PV,float,400,600
JH.163TI_0011.DACA.PV,float,400,600
JH.163TI_0010.DACA.PV,float,400,600
JH.163TI_0013C.DACA.PV,float,400,600
JH.163TI_0013B.DACA.PV,float,400,600
JH.163TI_0013A.DACA.PV,float,400,600
JH.163TI_0008B.DACA.PV,float,400,600
JH.163TI_0008A.DACA.PV,float,400,600
JH.163TI_0007.DACA.PV,float,400,600
JH.163FI_0010.DACA.PV,float,200,500
JH.163FI_0002.DACA.PV,float,200,500
JH.163PI_0039.DACA.PV,float,5,10
JH.163PI_0040.DACA.PV,float,5,10
JH.163PI_0035.DACA.PV,float,5,10
JH.163TI_0006.DACA.PV,float,400,600
JH.163FI_0001.DACA.PV,float,200,500
JH.163PIC_0041.DACA.PV,float,5,10
JH.163FIC_0006.DACA.PV,float,200,500
JH.163FI_0008.DACA.PV,float,200,500
JH.163XV_0011.DEVCTLA.GPV,switching,0,0
JH.163XV_0002.DEVCTLA.GPV,switching,0,0
JH.163XV_0015.DEVCTLA.GPV,switching,0,0
JH.163XV_0003.DEVCTLA.GPV,switching,0,0
JH.163XV_0016.DEVCTLA.GPV,switching,0,0
JH.163XV_0014.DEVCTLA.GPV,switching,0,0
JH.163XV_0013.DEVCTLA.GPV,switching,0,0
JH.163XV_0001.DEVCTLA.GPV,switching,0,0
JH.163Y_C002B.DEVCTLA.GPV,switching,0,0
JH.163Y_C002A.DEVCTLA.GPV,switching,0,0
JH.163Y_C001A.DEVCTLA.GPV,switching,0,0
JH.163PIC_0038.PIDA.OP,float,5,10
JH.163FIC_0003.PIDA.OP,float,200,500
JH.163LIC_0001.PIDA.OP,float,60,120
JH.163PIC_0036.PIDA.OP,float,5,10
JH.163PIC_0032.PIDA.OP,float,5,10
JH.163PIC_0033.PIDA.OP,float,5,10
JH.163FIC_0004.PIDA.OP,float,200,500
JH.163PIC_0034.PIDA.OP,float,5,10
JH.163LIC_0003.PIDA.OP,float,60,120
JH.163LIC_0002.PIDA.OP,float,60,120
JH.163LIC_0007.PIDA.OP,float,60,120
JH.163PIC_0041.PIDA.OP,float,5,10
JH.163FIC_0006.PIDA.OP,float,200,500
JH.163Y_C001B.DEVCTLA.GPV,switching,0,0
JH.450TIC_0002B.PIDA.OP,float,400,600
JH.450PIC_0060.PIDA.OP,float,5,10
JH.450PIC_0062.PIDA.OP,float,5,10
JH.450TIC_0003B.PIDA.OP,float,400,600
JH.450TIC_0003A.PIDA.OP,float,400,600
JH.450TIC_0002A.PIDA.OP,float,400,600
JH.450TIC_0001B.PIDA.OP,float,400,600
JH.450LI_0008.DACA.PV,float,30,90
JH.450LI_0007.DACA.PV,float,30,90
JH.450XSV_0001.DEVCTLA.GPV,switching,0,0
JH.450XSV_0018.DEVCTLA.GPV,switching,0,0
JH.450TI_0007.DACA.PV,float,400,600
JH.450PIC_0006.DACA.PV,float,5,10
JH.450PI_0005.DACA.PV,float,5,10
JH.450LI_0010.DACA.PV,float,30,90
JH.450LI_0005.DACA.PV,float,30,90
JH.450LI_0002.DACA.PV,float,30,90
JH.450XSV_0022.DEVCTLA.GPV,switching,100,0
JH.450XSV_0021.DEVCTLA.GPV,switching,100,0
JH.450LI_0009B.DACA.PV,float,30,90
JH.450PI_0007B.DACA.PV,float,5,10
JH.450TI_0009B.DACA.PV,float,400,600
JH.450LI_0009A.DACA.PV,float,30,90
JH.450PI_0007A.DACA.PV,float,5,10
JH.450TI_0009A.DACA.PV,float,400,600
JH.450XSV_0020.DEVCTLA.GPV,switching,100,0
JH.450XSV_0019.DEVCTLA.GPV,switching,100,0
JH.450TIC_0001A.DACA.PV,float,400,600
JH.450PIC_0063.DACA.PV,float,5,10
JH.450PIC_0062.DACA.PV,float,5,10
JH.450PIC_0060.DACA.PV,float,5,10
JH.450TIC_0003B.DACA.PV,float,400,600
JH.450TIC_0003A.DACA.PV,float,400,600
JH.450PI_0003B.DACA.PV,float,5,10
JH.450LI_0004B.DACA.PV,float,30,90
JH.450XSV_0011.DEVCTLA.GPV,switching,100,0
JH.450XSV_0013.DEVCTLA.GPV,switching,100,0
JH.450LI_0004A.DACA.PV,float,30,90
JH.450PI_0003A.DACA.PV,float,5,10
JH.450XSV_0012.DEVCTLA.GPV,switching,100,0
JH.450XSV_0010.DEVCTLA.GPV,switching,100,0
JH.450LI_0006B.DACA.PV,float,30,90
JH.450XSV_0015.DEVCTLA.GPV,switching,100,0
JH.450TI_0004B.DACA.PV,float,400,600
JH.450XSV_0017.DEVCTLA.GPV,switching,100,0
JH.450PI_0004B.DACA.PV,float,5,10
JH.450XSV_0016.DEVCTLA.GPV,switching,100,0
JH.450PI_0004A.DACA.PV,float,5,10
JH.450LI_0006A.DACA.PV,float,30,90
JH.450TI_0004A.DACA.PV,float,400,600
JH.450XSV_0014.DEVCTLA.GPV,switching,100,0
JH.450PIC_0061.DACA.PV,float,5,10
JH.450PI_0002B.DACA.PV,float,5,10
JH.450LI_0003B.DACA.PV,float,30,90
JH.450XSV_0007.DEVCTLA.GPV,switching,100,0
JH.450TIC_0002B.DACA.PV,float,400,600
JH.450XSV_0009.DEVCTLA.GPV,switching,100,0
JH.450LI_0003A.DACA.PV,float,30,90
JH.450XSV_0008.DEVCTLA.GPV,switching,100,0
JH.450PI_0002A.DACA.PV,float,5,10
JH.450XSV_0006.DEVCTLA.GPV,switching,100,0
JH.450TIC_0002A.DACA.PV,float,400,600
JH.450XSV_0005.DEVCTLA.GPV,switching,100,0
JH.450XSV_0003.DEVCTLA.GPV,switching,100,0
JH.450PI_0001B.DACA.PV,float,5,10
JH.450LI_0001B.DACA.PV,float,30,90
JH.450TIC_0001B.DACA.PV,float,400,600
JH.450LI_0001A.DACA.PV,float,30,90
JH.450XSV_0004.DEVCTLA.GPV,switching,100,0
JH.450XSV_0002.DEVCTLA.GPV,switching,100,0
JH.450PI_0001A.DACA.PV,float,5,10
JH.450PIC_0006.PIDA.OP,float,5,10
JH.450PIC_0063.PIDA.OP,float,5,10
JH.450Y_P005.DEVCTLA.GPV,switching,0,0
JH.450Y_P011.DEVCTLA.GPV,switching,0,0
JH.450Y_P009.DEVCTLA.GPV,switching,0,0
JH.450Y_P010.DEVCTLA.GPV,switching,0,0
JH.450Y_P003A.DEVCTLA.GPV,switching,0,0
JH.450Y_P004B.DEVCTLA.GPV,switching,0,0
JH.450Y_P004A.DEVCTLA.GPV,switching,0,0
JH.450Y_P007A.DEVCTLA.GPV,switching,0,0
JH.450Y_P007B.DEVCTLA.GPV,switching,0,0
JH.450Y_P003B.DEVCTLA.GPV,switching,0,0
JH.450Y_P001B.DEVCTLA.GPV,switching,0,0
JH.450Y_P001A.DEVCTLA.GPV,switching,0,0
JH.450Y_P002B.DEVCTLA.GPV,switching,0,0
JH.450Y_P002A.DEVCTLA.GPV,switching,0,0
FHS.126LIC_1009.DACA.PV,float,30,90
FHS.126TI_1030.DACA.PV,float,400,600
FHS.126PIC_1044.DACA.PV,float,5,10
FHS.126PIC_1114.DACA.PV,float,5,10
FHS.126FIC_1015.DACA.PV,float,200,500
FHS.126LIC_1017.DACA.PV,float,30,90
FHS.126FI_1033.DACA.PV,float,200,500
FHS.126TIC_1050.DACA.PV,float,400,600
FHS.126FIC_1032.DACA.PV,float,200,500
FHS.126TI_1046.DACA.PV,float,400,600
FHS.126PI_1026.DACA.PV,float,5,10
FHS.126PDI_1003.DACA.PV,float,5,10
FHS.126PI_1027.DACA.PV,float,5,10
FHS.126FI_1028.DACA.PV,float,200,500
FHS.126TIC_1048.DACA.PV,float,400,600
FHS.126TIC_1039.DACA.PV,float,400,600
FHS.126FI_1017.DACA.PV,float,200,500
FHS.126LIC_1003.DACA.PV,float,30,90
FHS.126LI_1008.DACA.PV,float,30,90
FHS.126LI_1012.DACA.PV,float,30,90
FHS.126FI_1008.DACA.PV,float,200,500
FHS.126LIC_1007.DACA.PV,float,30,90
FHS.126P122A.DEVCTLA.GPV,switching,0,0
FHS.126TIC_1031.DACA.PV,float,400,600
FHS.126LIC_1006.DACA.PV,float,30,90
FHS.126LIC_1005.DACA.PV,float,30,90
FHS.126LIC_1004.DACA.PV,float,30,90
FHS.126FIC_1010.DACA.PV,float,200,500
FHS.126PIC_1009.DACA.PV,float,5,10
FHS.126TIC_1028.PIDA.OP,switching,30,0
FHS.126TIC_1028.DACA.PV,float,400,600
FHS.126PIC_1008.DACA.PV,float,5,10
FHS.126TIC_1026.DACA.PV,float,400,600
FHS.126PIC_1007.DACA.PV,float,5,10
FHS.126TIC_1012.PIDA.OP,switching,30,0
FHS.126TIC_1012.DACA.PV,float,400,600
FHS.126FIC_1003.DACA.PV,float,200,500
FHS.126FIC_1016.DACA.PV,float,200,500
FHS.126PI_1005.DACA.PV,float,5,10
FHS.126TI_1021.DACA.PV,float,400,600
FHS.126PDI_1002.DACA.PV,float,5,10
FHS.126FI_1005.DACA.PV,float,200,500
FHS.126TI_1017.DACA.PV,float,400,600
FHS.126PIC_1004.DACA.PV,float,5,10
FHS.126TIC_1007.DACA.PV,float,400,600
FHS.126LIC_1001.DACA.PV,float,30,90
FHS.126LIC_1002.DACA.PV,float,30,90
FHS.126PI_1025.DACA.PV,float,5,10
FHS.126FIC_1013.DACA.PV,float,200,500
FHS.126TI_1011.DACA.PV,float,400,600
FHS.126PDI_1001.DACA.PV,float,5,10
FHS.126PIC_1003.DACA.PV,float,5,10
FHS.126PIC_1002.DACA.PV,float,5,10
FHS.126TIC_1031.PIDA.OP,switching,30,0
FHS.126TIC_1026.PIDA.OP,switching,30,0
FHS.126LIC_1006.PIDA.OP,switching,30,0
FHS.126LIC_1005.PIDA.OP,switching,30,0
FHS.126LIC_1004.PIDA.OP,switching,30,0
FHS.126FIC_1010.PIDA.OP,switching,30,0
FHS.126PIC_1009.PIDA.OP,switching,30,0
FHS.126PIC_1008.PIDA.OP,switching,30,0
FHS.126PIC_1007.PIDA.OP,switching,30,0
FHS.126PIC_1004.PIDA.OP,switching,30,0
FHS.126TI_1006.DACA.PV,float,400,600
FHS.126FI_1006.DACA.PV,float,200,500
FHS.126FI_1004.DACA.PV,float,200,500
FHS.126FI_1001.DACA.PV,float,200,500
FHS.126FIC_1015.PIDA.OP,switching,30,0
FHS.126FIC_1016.PIDA.OP,switching,30,0
FHS.126FIC_1013.PIDA.OP,switching,30,0
FHS.126TIC_1039.PIDA.OP,switching,30,0
FHS.126TIC_1050.PIDA.OP,switching,30,0
FHS.126P101B.DEVCTLA.GPV,switching,0,0
FHS.126P102B.DEVCTLA.GPV,switching,0,0
FHS.126P121B.DEVCTLA.GPV,switching,0,0
FHS.126P122B.DEVCTLA.GPV,switching,0,0
FHS.126P123B.DEVCTLA.GPV,switching,0,0
FHS.126P106B.DEVCTLA.GPV,switching,0,0
FHS.126P101A.DEVCTLA.GPV,switching,0,0
FHS.126P102A.DEVCTLA.GPV,switching,0,0
FHS.126P103A.DEVCTLA.GPV,switching,0,0
FHS.126P103B.DEVCTLA.GPV,switching,0,0
FHS.126P124B.DEVCTLA.GPV,switching,0,0
FHS.126P124A.DEVCTLA.GPV,switching,0,0
FHS.126P107B.DEVCTLA.GPV,switching,0,0
FHS.126P107A.DEVCTLA.GPV,switching,0,0
FHS.126P121A.DEVCTLA.GPV,switching,0,0
FHS.126P122C.DEVCTLA.GPV,switching,0,0
FHS.126P123A.DEVCTLA.GPV,switching,0,0
FHS.126P106A.DEVCTLA.GPV,switching,0,0
FHS.126LIC_1001.PIDA.OP,switching,30,0
FHS.126LIC_1003.PIDA.OP,switching,30,0
FHS.126LIC_1009.PIDA.OP,switching,30,0
FHS.126TIC_1048.PIDA.OP,switching,30,0
FHS.126LIC_1002.PIDA.OP,switching,30,0
FHS.126PIC_1002.PIDA.OP,switching,30,0
FHS.126TIC_1007.PIDA.OP,switching,30,0
FHS.126FIC_1003.PIDA.OP,switching,30,0
FHS.126LIC_1017.PIDA.OP,switching,30,0
QH_A.121HSI_11035.DACA.PV,switching,0,0
QH_A.121HSI_11034.DACA.PV,switching,0,0
QH_A.121HSI_11043.DACA.PV,switching,0,0
QH_A.121HSI_11002.DACA.PV,switching,0,0
QH_A.121HSI_11001.DACA.PV,switching,0,0
QH_A.121TI_11013.DACA.PV,float,400,600
QH_A.121LIC_11033.DACA.PV,float,30,90
QH_A.121FI_11001.DACA.PV,float,200,500
QH_A.121FI_11032.DACA.PV,float,200,500
QH_A.121LIC_11031.DACA.PV,float,30,90
QH_A.121PIC_11035.DACA.PV,float,5,10
QH_A.121TI_11035.DACA.PV,float,400,600
QH_A.121LIC_11006A.DACA.PV,float,30,90
QH_A.121TI_11030A.DACA.PV,float,400,600
QH_A.121TI_11029A.DACA.PV,float,400,600
QH_A.121PIC_10000.DACA.PV,float,5,10
QH_A.121TI_11021A.DACA.PV,float,400,600
QH_A.121II_11011B.DACA.PV,float,20,40
QH_A.121II_11011A.DACA.PV,float,20,40
QH_A.121PI_11002A.DACA.PV,float,5,10
QH_A.121TI_11002A.DACA.PV,float,400,600
QH_A.121TI_11008A.DACA.PV,float,400,600
QH_A.121FIC_11002A.DACA.PV,float,200,500
QH_A.121TI_11006A.DACA.PV,float,400,600
QH_A.121FIC_11007A.DACA.PV,float,200,500
QH_A.121PI_11001A.DACA.PV,float,5,10
QH_A.121SIC_11011.DACA.PV,double,30,100
QH_A.121TI_11016.DACA.PV,float,400,600
QH_A.121TDI_11007B.DACA.PV,double,30,100
QH_A.121TDI_11007A.DACA.PV,double,30,100
QH_A.121TI_11014.DACA.PV,float,400,600
QH_A.121TI_11005A.DACA.PV,float,400,600
QH_A.121FIC_11004.DACA.PV,float,200,500
QH_A.121TI_11004.DACA.PV,float,400,600
QH_A.121FI_11005.DACA.PV,float,200,500
QH_A.121TI_11011A.DACA.PV,float,400,600
QH_A.121PDI_11006A.DACA.PV,float,1,5
QH_A.121PI_11007A.DACA.PV,float,5,10
QH_A.121LI_11008B.DACA.PV,double,30,100
QH_A.121LI_11008A.DACA.PV,double,30,100
QH_A.121PIC_11010.DACA.PV,float,5,10
QH_A.121HSV_11035.DEVCTLA.GPV,switching,0,0
QH_A.121HSV_11034.DEVCTLA.GPV,switching,0,0
QH_A.121HSV_11043.DEVCTLA.GPV,switching,0,0
QH_A.121UV_11039.DEVCTLA.GPV,switching,0,0
QH_A.121UV_11036.DEVCTLA.GPV,switching,0,0
QH_A.121UV_11038.DEVCTLA.GPV,switching,0,0
QH_A.121PIC_11035.pida.OP,switching,30,0
QH_A.121PIC_11010.pida.OP,switching,30,0
QH_A.121LIC_11031.pida.OP,switching,30,0
QH_A.121LIC_11033.pida.OP,switching,30,0
QH_A.121FIC_11007A.pida.OP,switching,30,0
QH_A.121HSV_11002.DEVCTLA.GPV,switching,0,0
QH_A.121HSV_11001.DEVCTLA.GPV,switching,0,0
QH_A.121FIC_11004.pida.OP,switching,30,0
QH_A.121LIC_11006A.pida.OP,switching,30,0
QH_A.121YI_P1101.DEVCTLA.GPV,switching,0,0
KF.SOS_1103.FLAGA.PVFL,switching,0,0
KF.TI_1104.DACA.PV,float,400,600
KF.LICAS_1103.DACA.PV,float,30,90
KF.TI_1103.DACA.PV,float,400,600
KF.LIS_1101B.DACA.PV,float,30,90
KF.LICAS_1101A.DACA.PV,float,30,90
KF.TIA_1101.DACA.PV,float,400,600
KF.II_1104.DACA.PV,float,20,40
KF.II_1103.DACA.PV,float,20,40
KF.II_1102.DACA.PV,float,20,40
KF.II_1101.DACA.PV,float,20,40
KF.FICA_1102.DACA.PV,float,200,500
KF.FICA_1101.DACA.PV,float,200,500
KF.TIA_1102.DACA.PV,float,400,600
KF.PIS_1102C.DACA.PV,float,5,10
KF.PIS_1102B.DACA.PV,float,5,10
KF.PIAS_1102A.DACA.PV,float,5,10
KF.SOS_1104.FLAGA.PVFL,switching,0,0
KF.SOS_1102.FLAGA.PVFL,switching,0,0
KF.SOS_1101.FLAGA.PVFL,switching,0,0
KF.FICA_1102.PIDA.OP,switching,60,0
KF.LICAS_1103.PIDA.OP,switching,60,0
KF.LICAS_1101A.PIDA.OP,switching,60,0
KF.FICA_1101.PIDA.OP,switching,60,0
KF.TI_1204.DACA.PV,float,400,600
KF.PIS_1203.DACA.PV,float,5,10
KF.PIS_1201.DACA.PV,float,5,10
KF.TI_1202.DACA.PV,float,400,600
KF.HC_1207.HC.OP,switching,60,0
KF.TIS_1203.DACA.PV,float,400,600
KF.HC_1206.HC.OP,switching,60,0
KF.HC_1205.HC.OP,switching,60,0
KF.TIS_1201.DACA.PV,float,400,600
KF.TIA_1208.DACA.PV,switching,80,0
KF.PI_1208.DACA.PV,float,5,10
KF.FIQ_1202.DACA.PV,float,200,500
KF.TI_1209.DACA.PV,float,400,600
KF.PIC_1206.DACA.PV,float,5,10
KF.AIA_1203.DACA.PV,double,30,100
KF.PdIAS_1205.DACA.PV,switching,80,0
KF.PIC_1206.PIDA.OP,switching,60,0
KF.SV_1218.GCS1218.DI_1,switching,0,0
KF.SV_1214.GCS1214.DI_1,switching,0,0
KF.SV_1202.GCS1202.DI_1,switching,0,0
KF.SV_1213.GCS1213.DI_1,switching,0,0
KF.SV_1201.GCS1201.DI_1,switching,0,0
KF.SV_1212.GCS1212.DI_1,switching,0,0
KF.SV_1204.GCS1204.DI_1,switching,0,0
KF.SV_1211.GCS1211.DI_1,switching,0,0
KF.SV_1203.GCS1203.DI_1,switching,0,0
KF.SV_1217.GCS1217.DI_1,switching,0,0
KF.TI_1411.DACA.PV,double,30,100
KF.PI_1405.DACA.PV,float,5,10
KF.TI_1414.DACA.PV,float,400,600
KF.PI_1422.DACA.PV,float,5,10
KF.TI_1542.DACA.PV,float,400,600
KF.PI_1542.DACA.PV,float,5,10
KF.TI_1541.DACA.PV,float,400,600
KF.PI_1541.DACA.PV,float,5,10
KF.ZI_1418.DACA.PV,double,30,100
KF.ZC_1418.PIDA.OP,switching,60,0
KF.TI_1413.DACA.PV,float,400,600
KF.TI_1412.DACA.PV,float,400,600
KF.SIAS_1410.DACA.PV,double,30,100
KF.TI_1423.DACA.PV,float,400,600
KF.TI_1422.DACA.PV,float,400,600
KF.VIAS_1411.DACA.PV,double,30,100
KF.PI_1407.DACA.PV,float,5,10
KF.PI_1408.DACA.PV,float,5,10
KF.TI_1427.DACA.PV,float,400,600
KF.FIC_1408.PIDA.OP,switching,60,0
KF.ZI_1408.DACA.PV,switching,0,0
KF.AI_1306.DACA.PV,double,30,100
KF.PI_1306.DACA.PV,float,5,10
KF.TI_1306.DACA.PV,float,400,600
KF.FIQ_1306.DACA.PV,float,200,500
KF.ZSL_1419.FLAGA.PVFL,switching,0,0
KF.SO_1405.FLAGA.PVFL,switching,0,0
KF.SO_1410_1.FLAGA.PVFL,switching,0,0
KF.SO_1410_2.FLAGA.PVFL,switching,0,0
KF.TI_1621.DACA.PV,float,400,600
KF.TI_1622.DACA.PV,float,400,600
KF.TI_1522.DACA.PV,float,400,600
KF.TI_1523.DACA.PV,float,400,600
KF.TI_1521.DACA.PV,float,400,600
KF.FIQ_1346.DACA.PV,float,200,500
KF.PIA_1342.DACA.PV,float,5,10
KF.TI_1519.DACA.PV,float,400,600
KF.TI_1517B.DACA.PV,float,400,600
KF.TI_1515.DACA.PV,float,400,600
KF.TI_1516.DACA.PV,float,400,600
KF.HC_1515.HC.OP,double,30,100
KF.FIQC_1304.DACA.PV,float,200,500
KF.PIC_1304.DACA.PV,float,5,10
KF.AIAS_1304.DACA.PV,float,5,10
KF.TIAS_1304.DACA.PV,float,400,600
KF.LI_1504.DACA.PV,float,30,90
KF.FIQC_1302.DACA.PV,float,200,500
KF.PIC_1302.DACA.PV,float,5,10
KF.HC_1312.HC.OP,double,30,100
KF.TI_1333.DACA.PV,float,400,600
KF.AIA_1302.DACA.PV,double,30,100
KF.TI_1335.DACA.PV,float,400,600
KF.TI_1334.DACA.PV,float,400,600
KF.TI_1518.DACA.PV,float,400,600
KF.TI_1332.DACA.PV,float,400,600
KF.TI_1331.DACA.PV,float,400,600
KF.PI_1331.DACA.PV,float,5,10
KF.TIA_1308.DACA.PV,float,400,600
KF.PI_1308.DACA.PV,float,5,10
KF.FIQ_1308.DACA.PV,float,200,500
KF.HC_1308.HC.OP,switching,60,0
KF.FIQC_1302.PIDA.OP,switching,60,0
KF.PIC_1302.PIDA.OP,switching,60,0
KF.FIQC_1304.PIDA.OP,switching,60,0
KF.PIC_1304.PIDA.OP,switching,0,0
KF.AI_1574.DACA.PV,double,30,100
KF.TI_1328.DACA.PV,float,400,600
KF.TI_1327.DACA.PV,float,400,600
KF.TI_1326.DACA.PV,float,400,600
KF.TI_1325.DACA.PV,float,400,600
KF.TI_1324.DACA.PV,float,400,600
KF.TI_1323.DACA.PV,float,400,600
KF.TI_1322.DACA.PV,float,400,600
KF.TIA_1320.DACA.PV,float,400,600
KF.PI_1320.DACA.PV,float,5,10
KF.FIC_1320.DACA.PV,switching,60,0
KF.FIQ_1301.DACA.PV,float,200,500
KF.TI_1321.DACA.PV,float,400,600
KF.HC_1321.HC.OP,double,30,100
KF.TIA_1307.DACA.PV,float,400,600
KF.PI_1307.DACA.PV,float,5,10
KF.FIQ_1307.DACA.PV,float,200,500
KF.PI_1301.DACA.PV,float,5,10
KF.TDIC_1328.PIDA.OP,switching,60,0
KF.TDIC_1327.PIDA.OP,switching,60,0
KF.TDIC_1326.PIDA.OP,switching,60,0
KF.TDIC_1325.PIDA.OP,switching,60,0
KF.TDIC_1324.PIDA.OP,switching,60,0
KF.TDIC_1323.PIDA.OP,switching,60,0
KF.TDIC_1322.PIDA.OP,switching,60,0
KF.PICA_1502.PIDA.OP,switching,60,0
KF.FIC_1320.PIDA.OP,switching,60,0
KF.TI_1501.DACA.PV,float,400,600
KF.PDI_1571.DACA.PV,double,30,100
KF.LIC_1571.DACA.PV,float,30,90
KF.TI_1572.DACA.PV,float,400,600
KF.TI_1571.DACA.PV,float,400,600
KF.HC_1579.HC.OP,double,30,100
KF.TI_1511.DACA.PV,float,400,600
KF.LICA_1501.DACA.PV,float,30,90
KF.PIA_1501.DACA.PV,float,5,10
KF.PDIA_1501.DACA.PV,double,30,100
KF.LIAS_1502.DACA.PV,float,30,90
KF.PICA_1502.DACA.PV,float,5,10
KF.AIA_1509.DACA.PV,double,30,100
KF.TI_1509.DACA.PV,float,400,600
KF.PDIA_1502.DACA.PV,double,30,100
KF.HC_1503.HC.OP,double,30,100
KF.HC_1502.HC.OP,double,30,100
KF.TI_1506.DACA.PV,float,400,600
KF.LI_1505.DACA.PV,float,30,90
KF.AI_1501.DACA.PV,double,30,100
KF.TIA_1301.DACA.PV,float,400,600
KF.TI_1508.DACA.PV,float,400,600
KF.TI_1502.DACA.PV,float,400,600
KF.TI_1504.DACA.PV,float,400,600
KF.TI_1503.DACA.PV,float,400,600
KF.TI_1512.DACA.PV,float,400,600
KF.HC_1508.HC.OP,double,30,100
KF.LIC_1571.PIDA.OP,switching,60,0
KF.LICA_1501.PIDA.OP,switching,60,0
KF.PICA_1603B.DACA.PV,float,5,10
KF.TI_1605A.DACA.PV,float,400,600
KF.TI_1604A.DACA.PV,float,400,600
KF.TI_1603A.DACA.PV,float,400,600
KF.PDIAS_1606A.DACA.PV,float,1,5
KF.TIAS_1601A.DACA.PV,float,400,600
KF.TIAS_1602A.DACA.PV,float,400,600
KF.SI_1601A.DACA.PV,double,30,100
KF.II_1601A.DACA.PV,float,20,40
KF.PI_1601A.DACA.PV,float,5,10
KF.PICA_1603A.DACA.PV,float,5,10
KF.PI_1601B.DACA.PV,float,5,10
KF.FIA_1601B.DACA.PV,float,200,500
KF.TIAS_1602B.DACA.PV,float,400,600
KF.SI_1601B.DACA.PV,double,30,100
KF.II_1601B.DACA.PV,float,20,40
KF.HC_1605B.HC.OP,double,30,100
KF.TI_1605B.DACA.PV,float,400,600
KF.TI_1604B.DACA.PV,float,400,600
KF.TI_1603B.DACA.PV,float,400,600
KF.TIAS_1601B.DACA.PV,float,400,600
KF.PDIAS_1606B.DACA.PV,float,1,5
KF.HC_1602B.HC.OP,double,30,100
KF.HC_1602A.HC.OP,double,30,100
KF.HC_1605A.HC.OP,double,30,100
KF.PICA_1603B.PIDA.OP,switching,60,0
KF.PICA_1603A.PIDA.OP,switching,60,0
KF.SV_1601A.DEVCTLA.DO_1,switching,0,0
KF.SV_1601B.DEVCTLA.DO_1,switching,0,0
KF.SOA_1601A.FLAGA.PVFL,switching,0,0
KF.SOA_1601B.FLAGA.PVFL,switching,0,0
WSCL.XT248YS1_C001B,switching,0,0
WSCL.XT248YS1_C001A,switching,0,0
WSCL.XT246YS1_M002J,switching,0,0
WSCL.XT246YS1_M002K,switching,0,0
WSCL.XT246YS1_M002L,switching,0,0
WSCL.XT246YS1_M002M,switching,0,0
WSCL.XT246YS1_M003B,switching,0,0
WSCL.XT246YS1_M002Q,switching,0,0
WSCL.XT246YS1_M002P,switching,0,0
WSCL.XT246YS1_M002O,switching,0,0
WSCL.XT246YS1_M002N,switching,0,0
WSCL.XT246YS1_A002I,switching,0,0
WSCL.XT246YS1_A002J,switching,0,0
WSCL.XT246YS1_A002K,switching,0,0
WSCL.XT246YS1_A002L,switching,0,0
WSCL.XT246YS1_A002P,switching,0,0
WSCL.XT246YS1_A002O,switching,0,0
WSCL.XT246YS1_A002N,switching,0,0
WSCL.XT246YS1_A002M,switching,0,0
WSCL.XT246YS1_L002A,switching,0,0
WSCL.XT246YS1_M002F,switching,0,0
WSCL.XT246YS1_M002G,switching,0,0
WSCL.XT246YS1_M002H,switching,0,0
WSCL.XT246YS1_M002I,switching,0,0
WSCL.XT246YS1_M003A,switching,0,0
WSCL.XT246YS1_M002E,switching,0,0
WSCL.XT246YS1_M002D,switching,0,0
WSCL.XT246YS1_M002C,switching,0,0
WSCL.XT246YS1_M002B,switching,0,0
WSCL.XT246YS1_M002A,switching,0,0
WSCL.XT246YS1_A002E,switching,0,0
WSCL.XT246YS1_A002F,switching,0,0
WSCL.XT246YS1_A002G,switching,0,0
WSCL.XT246YS1_A002D,switching,0,0
WSCL.XT246YS1_A002C,switching,0,0
WSCL.XT246YS1_A002B,switching,0,0
WSCL.XT246YS1_A002A,switching,0,0
WSCL.XT248KZSH_9004,switching,0,0
WSCL.XT248KZSH_9003,switching,0,0
WSCL.XT248KZSH_7003,switching,0,0
WSCL.XT248KZSH_7004,switching,0,0
WSCL.XT248KZSH_8003,switching,0,0
WSCL.XT248KZSH_8004,switching,0,0
WSCL.XT248KZSH_6004,switching,0,0
WSCL.XT248KZSH_6003,switching,0,0
WSCL.XT248KZSH_5004,switching,0,0
WSCL.XT248KZSH_5003,switching,0,0
WSCL.XT248KZSH_5001,switching,0,0
WSCL.XT248KZSH_5002,switching,0,0
WSCL.XT248KZSH_6001,switching,0,0
WSCL.XT248KZSH_6002,switching,0,0
WSCL.XT248KZSH_7001,switching,0,0
WSCL.XT248KZSH_7002,switching,0,0
WSCL.XT248KZSH_8001,switching,0,0
WSCL.XT248KZSH_8002,switching,0,0
WSCL.XT248KZSH_9001,switching,0,0
WSCL.XT248KZSH_9002,switching,0,0
WSCL.XT248KZSH_4004,switching,0,0
WSCL.XT248KZSH_4003,switching,0,0
WSCL.XT248KZSH_4002,switching,0,0
WSCL.XT248KZSH_4001,switching,0,0
WSCL.XT248KZSH_2003,switching,0,0
WSCL.XT248KZSH_2004,switching,0,0
WSCL.XT248KZSH_3003,switching,0,0
WSCL.XT248KZSH_3004,switching,0,0
WSCL.XT248KZSH_3002,switching,0,0
WSCL.XT248KZSH_3001,switching,0,0
WSCL.XT248KZSH_2002,switching,0,0
WSCL.XT248KZSH_2001,switching,0,0
WSCL.XT248KZSH_1004,switching,0,0
WSCL.XT248KZSH_1003,switching,0,0
WSCL.XT248KZSH_1002,switching,0,0
WSCL.XT248KZSH_1001,switching,0,0
WSCL.XT248KZSH_0004,switching,0,0
WSCL.XT248KZSH_0003,switching,0,0
WSCL.XT248KZSH_0002,switching,0,0
WSCL.XT248KZSH_0001,switching,0,0
WSCL.XT248YS1_C002E,switching,0,0
WSCL.XT248YS1_C002D,switching,0,0
WSCL.XT248YS1_C002C,switching,0,0
WSCL.XT248YS1_C002B,switching,0,0
WSCL.XT249FZSH_3009A,switching,60,0
WSCL.XT249FZSH_3009B,switching,60,0
WSCL.XT249FZSH_3008A,switching,60,0
WSCL.XT249FZSH_3008B,switching,60,0
WSCL.XT249FZSH_3007B,switching,60,0
WSCL.XT249FZSH_3007A,switching,60,0
WSCL.XT249FZSH_3006A,switching,60,0
WSCL.XT249FZSH_3006B,switching,60,0
WSCL.XT249FZSH_3005A,switching,60,0
WSCL.XT249FZSH_3005B,switching,60,0
WSCL.XT249FZSH_3004B,switching,60,0
WSCL.XT249FZSH_3004A,switching,60,0
WSCL.XT249FZSH_3003A,switching,60,0
WSCL.XT249FZSH_3003B,switching,60,0
WSCL.XT249FZSH_3002A,switching,60,0
WSCL.XT249FZSH_3002B,switching,60,0
WSCL.XT249FZSH_3001B,switching,60,0
WSCL.XT249FZSH_3001A,switching,60,0
WSCL.XT249FZSH_1009A,switching,60,0
WSCL.XT249FZSH_1009B,switching,60,0
WSCL.XT249FZSH_1008A,switching,60,0
WSCL.XT249FZSH_1008B,switching,60,0
WSCL.XT249FZSH_1007B,switching,60,0
WSCL.XT249FZSH_1007A,switching,60,0
WSCL.XT249FZSH_1006A,switching,60,0
WSCL.XT249FZSH_1006B,switching,60,0
WSCL.XT249FZSH_1005A,switching,60,0
WSCL.XT249FZSH_1005B,switching,60,0
WSCL.XT249FZSH_1004B,switching,60,0
WSCL.XT249FZSH_1004A,switching,60,0
WSCL.XT249FZSH_1003A,switching,60,0
WSCL.XT249FZSH_1003B,switching,60,0
WSCL.XT249FZSH_1002A,switching,60,0
WSCL.XT249FZSH_1002B,switching,60,0
WSCL.XT249FZSH_1001B,switching,60,0
WSCL.XT249FZSH_1001A,switching,60,0
WSCL.XT249FZSH_2009A,switching,60,0
WSCL.XT249FZSH_2009B,switching,60,0
WSCL.XT249FZSH_2008A,switching,60,0
WSCL.XT249FZSH_2008B,switching,60,0
WSCL.XT249FZSH_2007B,switching,60,0
WSCL.XT249FZSH_2007A,switching,60,0
WSCL.XT249FZSH_2006A,switching,60,0
WSCL.XT249FZSH_2006B,switching,60,0
WSCL.XT249FZSH_2005A,switching,60,0
WSCL.XT249FZSH_2005B,switching,60,0
WSCL.XT249FZSH_2004B,switching,60,0
WSCL.XT249FZSH_2004A,switching,60,0
WSCL.XT249FZSH_2003A,switching,60,0
WSCL.XT249FZSH_2003B,switching,60,0
WSCL.XT249FZSH_2002A,switching,60,0
WSCL.XT249FZSH_2002B,switching,60,0
WSCL.XT249FZSH_2001B,switching,60,0
WSCL.XT249FZSH_2001A,switching,60,0
WSCL.XT249FZSH_0003B,switching,60,0
WSCL.XT249FZSH_0003A,switching,60,0
WSCL.XT249FZSH_0002B,switching,60,0
WSCL.XT249FZSH_0002A,switching,60,0
WSCL.XT249FZSH_0001B,switching,60,0
WSCL.XT249FZSH_0001A,switching,60,0
WSCL.XT244YS1_M001B,switching,0,0
WSCL.XT244YS1_M001A,switching,0,0
WSCL.XT246YS1_M001B,switching,0,0
WSCL.XT246YS1_M001A,switching,0,0
WSCL.XT244YS1_A001L,switching,0,0
WSCL.XT244YS1_A001K,switching,0,0
WSCL.XT244YS1_A001J,switching,0,0
WSCL.XT244YS1_A002AF,switching,0,0
WSCL.XT244YS1_A002AE,switching,0,0
WSCL.XT244YS1_A002AC,switching,0,0
WSCL.XT244YS1_A002AD,switching,0,0
WSCL.XT244YS1_A002AB,switching,0,0
WSCL.XT244YS1_A002AA,switching,0,0
WSCL.XT244YS1_A002Z,switching,0,0
WSCL.XT244YS1_A002Y,switching,0,0
WSCL.XT244YS1_P001D,switching,0,0
WSCL.XT244YS1_A001I,switching,0,0
WSCL.XT244YS1_A001H,switching,0,0
WSCL.XT244YS1_A001G,switching,0,0
WSCL.XT244YS1_A002W,switching,0,0
WSCL.XT244YS1_A002X,switching,0,0
WSCL.XT244YS1_A002V,switching,0,0
WSCL.XT244YS1_A002U,switching,0,0
WSCL.XT244YS1_A002S,switching,0,0
WSCL.XT244YS1_A002T,switching,0,0
WSCL.XT244YS1_A002Q,switching,0,0
WSCL.XT244YS1_A002R,switching,0,0
WSCL.XT244YS1_P001C,switching,0,0
WSCL.XT244YS1_A001F,switching,0,0
WSCL.XT244YS1_A001E,switching,0,0
WSCL.XT244YS1_A001D,switching,0,0
WSCL.XT244YS1_A002P,switching,0,0
WSCL.XT244YS1_A002O,switching,0,0
WSCL.XT244YS1_A002M,switching,0,0
WSCL.XT244YS1_A002N,switching,0,0
WSCL.XT244YS1_A002L,switching,0,0
WSCL.XT244YS1_A002K,switching,0,0
WSCL.XT244YS1_A002J,switching,0,0
WSCL.XT244YS1_A002I,switching,0,0
WSCL.XT244YS1_P001B,switching,0,0
WSCL.XT244YS1_A001C,switching,0,0
WSCL.XT244YS1_A001B,switching,0,0
WSCL.XT244YS1_A001A,switching,0,0
WSCL.XT244YS1_A002G,switching,0,0
WSCL.XT244YS1_A002H,switching,0,0
WSCL.XT244YS1_A002F,switching,0,0
WSCL.XT244YS1_A002E,switching,0,0
WSCL.XT244YS1_A002C,switching,0,0
WSCL.XT244YS1_A002D,switching,0,0
WSCL.XT244YS1_A002A,switching,0,0
WSCL.XT244YS1_A002B,switching,0,0
WSCL.XT244YS1_P001A,switching,0,0
WSCL.XT241YS1_A003A,switching,0,0
WSCL.XT241YS1_M003J,switching,0,0
WSCL.XT241YS1_M003I,switching,0,0
WSCL.XT241YS1_M003H,switching,0,0
WSCL.XT241YS1_M004B,switching,0,0
WSCL.XT241YS1_M003N,switching,0,0
WSCL.XT241YS1_M003M,switching,0,0
WSCL.XT241YS1_M003L,switching,0,0
WSCL.XT241YS1_M003K,switching,0,0
WSCL.XT241YS1_A001D,switching,0,0
WSCL.XT241YS1_A001C,switching,0,0
WSCL.XT241YS1_A002B,switching,0,0
WSCL.XT241YS1_L001A,switching,0,0
WSCL.XT241YS1_M003C,switching,0,0
WSCL.XT241YS1_M003B,switching,0,0
WSCL.XT241YS1_M003A,switching,0,0
WSCL.XT241YS1_M004A,switching,0,0
WSCL.XT241YS1_M003G,switching,0,0
WSCL.XT241YS1_M003F,switching,0,0
WSCL.XT241YS1_M003E,switching,0,0
WSCL.XT241YS1_M003D,switching,0,0
WSCL.XT241YS1_A001B,switching,0,0
WSCL.XT241YS1_A001A,switching,0,0
WSCL.XT241YS1_A002A,switching,0,0
WSCL.XT241YS1_M001D,switching,0,0
WSCL.XT241ZSH_M002B,switching,0,0
WSCL.XT241YS1_M001C,switching,0,0
WSCL.XT241YS1_M001B,switching,0,0
WSCL.XT241ZSH_M002A,switching,0,0
WSCL.XT241YS1_M001A,switching,0,0
WSCL.XT242YS1_A001F,switching,0,0
WSCL.XT242YS1_A001E,switching,0,0
WSCL.XT242YS1_P001C,switching,0,0
WSCL.XT242YS1_P001D,switching,0,0
WSCL.XT242YS1_A001H,switching,0,0
WSCL.XT242YS1_A001G,switching,0,0
WSCL.XT242YS1_P001B,switching,0,0
WSCL.XT242YS1_P001A,switching,0,0
WSCL.XT242YS1_A001D,switching,0,0
WSCL.XT242YS1_A001C,switching,0,0
WSCL.XT242YS1_A001B,switching,0,0
WSCL.XT242YS1_A001A,switching,0,0
WSCL.XT242YS1_P002B,switching,0,0
WSCL.XT242YS1_P002A,switching,0,0
WSCL.XT242YS1_A002A,switching,0,0
WSCL.XT249LIT_0004,float,30,90
WSCL.XT249LIT_0002,float,30,90
WSCL.XT249LIT_0001,float,30,90
WSCL.XT261LIT_0002,float,30,90
WSCL.XT248LIT_0002,float,30,90
WSCL.XT248LIT_0001,float,30,90
WSCL.XT241LIT_0002,float,30,90
WSCL.XT241LIT_0004,float,30,90
WSCL.XT242LIT_1001,switching,0,0
WSCL.XT242LIT_0001,switching,0,0
WSCL.XT242LIT_2001,switching,0,0
WSCL.XT244FIT_0004,float,200,500
WSCL.XT245FIT_0002,float,200,500
WSCL.XT249FIT_0009,float,200,500
WSCL.XT249FIT_0008,float,200,500
WSCL.XT249FIT_0007,float,200,500
WSCL.XT249FIT_1009,float,200,500
WSCL.XT249FIT_1008,float,200,500
WSCL.XT249FIT_1007,float,200,500
WSCL.XT249FIT_2007,float,200,500
WSCL.XT249FIT_2008,float,200,500
WSCL.XT249FIT_2009,float,200,500
WSCL.XT249FIT_3009,float,200,500
WSCL.XT249FIT_3008,float,200,500
WSCL.XT249FIT_3007,float,200,500
WSCL.XT249FIT_0006,float,200,500
WSCL.XT249FIT_0005,float,200,500
WSCL.XT249FIT_0004,float,200,500
WSCL.XT249FIT_1006,float,200,500
WSCL.XT249FIT_1005,float,200,500
WSCL.XT249FIT_1004,float,200,500
WSCL.XT249FIT_2004,float,200,500
WSCL.XT249FIT_2005,float,200,500
WSCL.XT249FIT_2006,float,200,500
WSCL.XT249FIT_3006,float,200,500
WSCL.XT249FIT_3005,float,200,500
WSCL.XT249FIT_3004,float,200,500
WSCL.XT249FIT_3001,float,200,500
WSCL.XT249FIT_3002,float,200,500
WSCL.XT249FIT_3003,float,200,500
WSCL.XT249FIT_2001,float,200,500
WSCL.XT249FIT_2002,float,200,500
WSCL.XT249FIT_2003,float,200,500
WSCL.XT249FIT_1001,float,200,500
WSCL.XT249FIT_1002,float,200,500
WSCL.XT249FIT_1003,float,200,500
WSCL.XT249FIT_0003,float,200,500
WSCL.XT249FIT_0002,float,200,500
WSCL.XT249FIT_0001,float,200,500
WSCL.XT249AIT_0004,double,30,100
WSCL.XT249AIT_0003,double,30,100
WSCL.XT249AIT_0002,switching,0,0
WSCL.XT249IN_P001C,float,20,40
WSCL.XT249IN_P001B,float,20,40
WSCL.XT249IN_P001A,float,20,40
WSCL.XT249IN_P004C,float,20,40
WSCL.XT249IN_P004B,float,20,40
WSCL.XT249IN_P004A,float,20,40
WSCL.XT249IN_P002C,float,20,40
WSCL.XT249IN_P002B,float,20,40
WSCL.XT249IN_P002A,float,20,40
WSCL.XT249FIT_4001,float,200,500
WSCL.XT248IN_P002C,float,20,40
WSCL.XT248IN_P002B,float,20,40
WSCL.XT248IN_P002A,float,20,40
WSCL.XT248IN_C001B,float,20,40
WSCL.XT248IN_C001A,float,20,40
WSCL.XT246IN_P001C,float,20,40
WSCL.XT246IN_P001B,float,20,40
WSCL.XT246IN_P001A,float,20,40
WSCL.XT246LIT_0001,float,30,90
WSCL.XT246LIT_1001,float,30,90
WSCL.XT244IN_P002C,float,20,40
WSCL.XT244IN_P002B,float,20,40
WSCL.XT244IN_P002A,float,20,40
WSCL.XT244LIT_0001,float,30,90
WSCL.XT244LIT_1001,float,30,90
WSCL.XT243FIT_3004,float,200,500
WSCL.XT243FIT_2004,float,200,500
WSCL.XT243FIT_3003,float,200,500
WSCL.XT243FIT_2003,float,200,500
WSCL.XT243FIT_3002,float,200,500
WSCL.XT243FIT_2002,float,200,500
WSCL.XT243FIT_3001,float,200,500
WSCL.XT243TE_3001,float,400,600
WSCL.XT243FIT_2001,float,200,500
WSCL.XT243TE_2001,float,400,600
WSCL.XT243FIT_1004,float,200,500
WSCL.XT243FIT_0004,float,200,500
WSCL.XT243FIT_1003,float,200,500
WSCL.XT243FIT_0003,float,200,500
WSCL.XT243FIT_1002,float,200,500
WSCL.XT243FIT_0002,float,200,500
WSCL.XT243FIT_1001,float,200,500
WSCL.XT243TE_1001,float,400,600
WSCL.XT243FIT_0001,float,200,500
WSCL.XT243TE_0001,float,400,600
WSCL.XT241IN_P002C,float,20,40
WSCL.XT241IN_P002B,float,20,40
WSCL.XT241IN_P002A,float,20,40
WSCL.XT241AIT_0004,switching,0,0
WSCL.XT241FIT_0003,float,200,500
WSCL.XT241FIT_0004,float,200,500
WSCL.XT241TE_3001,float,400,600
WSCL.XT241LIT_3001,float,30,90
WSCL.XT241FIT_3001,float,200,500
WSCL.XT241TE_2001,float,400,600
WSCL.XT241LIT_2001,float,30,90
WSCL.XT241FIT_2001,float,200,500
WSCL.XT241TE_1001,float,400,600
WSCL.XT241LIT_1001,float,30,90
WSCL.XT241FIT_1001,float,200,500
WSCL.XT241TE_0001,float,400,600
WSCL.XT241LIT_0001,float,30,90
WSCL.XT241FIT_0001,float,200,500
WSCL.XT241TT_0002,float,400,600
WSCL.XT241FIT_0002,float,200,500
WSCL.XT241AIT_0001,switching,0,0
WSCL.XT241AIT_0003,double,30,100
WSCL.XT241AIT_0002,double,30,100
WSCL.XT249YS1_P003C,switching,0,0
WSCL.XT249YS1_P003B,switching,0,0
WSCL.XT249YS1_P003A,switching,0,0
WSCL.XT249YS1_P004C,switching,0,0
WSCL.XT249YS1_P004B,switching,0,0
WSCL.XT249YS1_P004A,switching,0,0
WSCL.XT249YS1_P002C,switching,0,0
WSCL.XT249YS1_P002B,switching,0,0
WSCL.XT249YS1_P002A,switching,0,0
WSCL.XT261YS1_P003C,switching,0,0
WSCL.XT261YS1_P003B,switching,0,0
WSCL.XT261YS1_P003A,switching,0,0
WSCL.XT248YS1_P003A,switching,0,0
WSCL.XT248YS1_P003B,switching,0,0
WSCL.XT249YS1_P001B,switching,0,0
WSCL.XT249YS1_P001C,switching,0,0
WSCL.XT249YS1_P006A,switching,0,0
WSCL.XT249YS1_P001A,switching,0,0
WSCL.XT248YS1_P002A,switching,0,0
WSCL.XT248YS1_P002B,switching,0,0
WSCL.XT248YS1_P002C,switching,0,0
WSCL.XT248YS1_P001B,switching,0,0
WSCL.XT248YS1_P001A,switching,0,0
WSCL.XT248YS1_C002J,switching,0,0
WSCL.XT248YS1_C002I,switching,0,0
WSCL.XT248YS1_C002H,switching,0,0
WSCL.XT248YS1_C002G,switching,0,0
WSCL.XT248YS1_C002F,switching,0,0
WSCL.XT248YS1_C002A,switching,0,0
WSCL.XT246YS1_A001B,switching,0,0
WSCL.XT246YS1_A001A,switching,0,0
WSCL.XT246YS1_P001C,switching,0,0
WSCL.XT246YS1_P002B,switching,0,0
WSCL.XT246YS1_P002A,switching,0,0
WSCL.XT246YS1_P001A,switching,0,0
WSCL.XT246YS1_P001B,switching,0,0
WSCL.XT244YS1_P003B,switching,0,0
WSCL.XT244YS1_P003A,switching,0,0
WSCL.XT244YS1_P002A,switching,0,0
WSCL.XT244YS1_P002B,switching,0,0
WSCL.XT244YS1_P002C,switching,0,0
WSCL.XT241YS1_P002B,switching,0,0
WSCL.XT241YS1_P002A,switching,0,0
WSCL.XT241YS1_P002C,switching,0,0
WSCL.XT241YS1_P003B,switching,0,0
WSCL.XT241YS1_P003A,switching,0,0
WSCL.XT241XZSH_7002,switching,0,0
WSCL.XT241XZSH_5002,switching,0,0
WSCL.XT241XZSH_3002,switching,0,0
WSCL.XT241XZSH_1002,switching,0,0
WSCL.XT241XZSH_6002,switching,0,0
WSCL.XT241XZSH_4002,switching,0,0
WSCL.XT241XZSH_2002,switching,0,0
WSCL.XT241XZSH_0002,switching,0,0
WSCL.XT241XZSH_3001,switching,0,0
WSCL.XT241XZSH_2001,switching,0,0
WSCL.XT241XZSH_1001,switching,0,0
WSCL.XT241XZSH_0001,switching,0,0
WSCL.XT242XZSH_0001,switching,0,0
FGD.FLOAT_354,float,20,40
FGD.FLOAT_327,float,20,40
FGD.FLOAT_322,float,20,40
FGD.XIC1104C,switching,0,0
FGD.PT_1101,float,5,10
FGD.PDT_2101,float,1,5
FGD.LT_TLT1,float,30,90
FGD.FT_1103LL,float,200,500
FGD.FT_1102LL,float,200,500
FGD.FT_1101LL,float,200,500
FGD.S02_TLXL1,double,30,100
FGD.YC_YC,double,30,100
FGD.YC_YYQ1,double,30,100
FGD.S02_YC,double,30,100
FGD.S02_JYQ1,double,30,100
FGD.S02_YYQ1,double,30,100
FGD.NOx_YC,double,30,100
FGD.NOx_JYQ1,double,30,100
FGD.NOx_YYQ1,double,30,100
FGD.XV1105LSD,switching,0,0
FGD.DCS_1012,switching,0,0
FGD.DCS_1002,switching,0,0
FGD.DCS_1003,switching,0,0
FGD.DCS_1004,switching,0,0
FGD.AT_1103,float,5,25
FGD.FT_1103,float,200,500
FGD.PT_1103,float,5,10
FGD.AT_1110,double,30,100
FGD.AT_1109,double,30,100
FGD.MT_1103,double,30,100
FGD.AT_1108,double,30,100
FGD.AT_1111,double,30,100
FGD.AT_1113,double,30,100
FGD.AT_1112,double,30,100
FGD.TT_1103,float,400,600
FGD.FT_1102,float,200,500
FGD.PT_1102,float,5,10
FGD.AT_1107,float,5,25
FGD.AT_1106,float,5,25
FGD.MT_1102,float,5,25
FGD.AT_1105,float,5,25
FGD.TT_1102,float,400,600
FGD.FT_1101,float,200,500
FGD.AT_1102,float,5,25
FGD.MT_1101,float,5,25
FGD.AT_1101,float,5,25
FGD.AT_1104,float,5,25
FGD.TT_1101,float,400,600
FGD.CEMS1001_4,switching,0,0
FGD.CEMS1001_3,switching,0,0
FGD.CEMS1001_2,switching,0,0
FGD.CEMS1001_1,switching,0,0
FGD.CMS1102_04,switching,0,0
FGD.CMS1102_03,switching,0,0
FGD.CMS1102_02,switching,0,0
FGD.CMS1102_01,switching,0,0
FGD.CMS1101_04,switching,0,0
FGD.CMS1101_03,switching,0,0
FGD.CMS1101_02,switching,0,0
FGD.CMS1101_01,switching,0,0
FGD.TE_2101C,float,400,600
FGD.TE_2101B,float,400,600
FGD.TE_2101A,float,400,600
FGD.TE_2102,float,400,600
FGD.TE_1107A,float,400,600
FGD.PT_1107A,float,5,10
FGD.TE_1104,float,400,600
FGD.PT_1104,float,5,10
FGD.XVZ_1104,double,30,100
FGD.LT_9101,float,30,90
FGD.LT_9001,float,30,90
FGD.LT_7001,float,30,90
FGD.LT_7004,float,30,90
FGD.LT_7003,float,30,90
FGD.LT_7002,float,30,90
FGD.LT_6001B,float,30,90
FGD.LT_6001A,float,30,90
FGD.LT_3103,float,30,90
FGD.LT_3101,float,30,90
FGD.LT_8001,float,30,90
FGD.TE_1105,float,400,600
FGD.PT_1105,float,5,10
FGD.C1101B_ZS,switching,0,0
FGD.C1101A_ZS,switching,0,0
FGD.C1101C_ZS,switching,0,0
FGD.XVZLH_1101,switching,0,0
FGD.XVZLH_1103,switching,0,0
/HG/PYYQ/MHG/MHGQH_QH_1100_11QIC0205_MEAS,float,0,10.8
/HG/PYYQ/MHG/MHGQH_QH_ESD_15PDI0002C_MEAS,float,0,36
2121.HTA50CQ003,float,0,60
/HG/PYYQ/MHG/MHGQH_QH_1100_11QIC0105_MEAS,float,0,10.8
2131.C80DCS10FQ001,float,0,12
/HG/PYYQ/MHG/MHGQH_QH_1100_11QIC0201_MEAS,float,0,10.8
/HG/PYYQ/MHG/MHGQH_QH_1200_12PIC0127_MEAS,float,3.44,5.76
/HG/PYYQ/MHG/MHGQH_QH_1300_13LA0040_PNT,float,44,90
/HG/PYYQ/MHG/MHGQH_QH_1300_13TIC0007_MEAS,float,144,276
/HG/PYYQ/MHG/MHGQH_QH_1300_13TI0018_PNT,float,216,450
/HG/PYYQ/MHG/MHGQH_QH_1300_13FIR0047A_PNT,float,2,7.2
/HG/PYYQ/MHG/MHGQH_QH_1300_13FIR0047B_PNT,float,2,7.2
/HG/PYYQ/MHG/MHGQH_QH_1300_13FIR0047C_PNT,float,2,7.2
/HG/PYYQ/MHG/MHGQH_QH_1300_13PIC0040A_MEAS,float,3.76,6.6
/HG/PYYQ/MHG/MHGQH_QH_1400_14LI0001C_PNT,float,24,84
CH4,float,20,120
/HG/PYYQ/MHG/MHGQH_QH_1300_13TIC0002A_MEAS,float,140,228
/HG/PYYQ/MHG/MHGQH_QH_ESD_15PDI0002B_MEAS,float,0,36
/HG/PYYQ/MHG/MHGQH_QH_1300_13PIC0040B_MEAS,float,3.76,6.6
2121.C7HTA50CQ005A,float,0,60
2131.C70DCS10FQ001,float,0,120
/HG/PYYQ/MHG/MHGQH_QH_1400_14LI0001D_PNT,float,24,84
/HG/PYYQ/MHG/MHGQH_QH_1300_13TI0019_MEAS,float,480,840
/HG/PYYQ/MHG/MHGQH_QH_1200_12PIC0227_MEAS,float,3.44,5.76
/HG/PYYQ/MHG/MHGQH_QH_1300_13PIC0011_MEAS,float,3.2,6.12
/HG/PYYQ/MHG/MHGQH_QH_1300_13FI0001_PNT,float,7.904,15
/HG/PYYQ/MHG/MHGQH_QH_1300_13FFI0909_PNT,float,0.48,1.44
/HG/PYYQ/MHG/MHGQH_QH_1300_13PI0068A_PNT,float,2.56,4.86
/HG/PYYQ/MHG/MHGQH_QH_1300_13PI0068B_PNT,float,2.56,4.86
/HG/PYYQ/MHG/MHGQH_QH_1400_14TI0001_PNT,float,20,84
/HG/PYYQ/MHG/MHGQH_QH_1600_16TI0010_PNT,float,124,216
/HG/PYYQ/MHG/MHGQH_QH_1400_14LI0001A_PNT,float,24,84
/HG/PYYQ/MHG/MHGQH_QH_1400_14LI0001E_PNT,float,24,84
/HG/PYYQ/MHG/MHGQH_QH_1500_15TI0003A_PNT,float,136,282
/HG/PYYQ/MHG/MHGQH_QH_3000_30PI0102_PNT,float,3.76,6.24
/HG/PYYQ/MHG/MHGQH_QH_3000_30PIC0002_MEAS,float,3.76,6.24
/HG/PYYQ/MHG/MHGQH_QH_ESD_15PDI0002A_MEAS,float,0,36
/HG/PYYQ/MHG/MHGQH_QH_1300_13TIC0002B_MEAS,float,140,228
2121.HTA50CQ001,float,0,120
2131.C7HTA50CQ005,float,0,120
2131.C80HTA50CQ003A,float,0,12
2131.C80HTA50CQ001A,float,0,120
2131.C70HTA50CQ001A,float,0,120
2131.C70HTA50CQ005,float,0,120
2131.C70HTA50CQ003A,float,0,12
2131.C80HTA50CQ005A,float,0,12
2131.C80HTA50CQ003,float,0,60
2131.C70HTA50CQ001,float,0,120
2131.C80HTA50CQ005,float,0,120
2131.C70HTA50CQ005A,float,0,60
2131.HTA50CQ003A,float,0,12
2131.DCS10FQ002,float,0,120
NH3A00008,float,0,36
/HG/PYYQ/MHG/MHGQH_QH_K_1302_13TI0120A_PNT,float,158.4,270
CH4.A4037,float,20,120
CH4.A4038,float,20,120
H2.A00010,float,20,120
H2.A00015,float,20,120
/HG/PYYQ/MHG/MHGQH_QH_1400_14LI0001B_PNT,float,24,84
2131.MKA01FE100,float,0,720
2131.C700HTA50CQ101,float,0,12
2131.C8DCS10FQ001,float,0,12
2131.0HTA50CQ101,float,0,120
/HG/PYYQ/MHG/MHGQH_QH_1300_13PI0068C_PNT,float,2.56,4.86
/HG/PYYQ/MHG/MHGQH_QH_1100_11QIC0101_MEAS,float,0,10.8
ANJT2,float,-8,24
ANJT1,float,-8,24
KYHG,float,-8,24
KFLY,float,-8,24
ZXHG,float,-8,24
LYYJB,float,-8,24
LYYJA,float,-8,24
6811.C10HTA50CQ005,float,0,24
6811.C10HTA50CQ003,float,0,120
6811.C10HTA50CQ001,float,0,120
6811.C10HTA50CQ005A,float,0,24
6811.C10HTA50CQ003A,float,0,120
6811.C10HTA50CQ001A,float,0,120
6811.C10DCS10FQ001,float,0,126
6811.C10DCS10FQ002,float,0,126
6811.C10DCS10FQ002A,float,0,126
6811.C10DCS10FQ002B,float,0,126
6811.C10HTA50CQ101,float,0,36
6811.C10HTB62CT901A,float,0,120
6811.C10HTA50CM101A,float,0,48
6811.C10HSK30CP101A,float,-8,1.2
6811.C1CEMSFLOW,float,0,24
6811.C10HTA50CF101,float,0,120000
6811.C20HTA50CQ005,float,0,24
6811.C20HTA50CQ003,float,0,120
6811.C20HTA50CQ001,float,0,120
6811.C20HTA50CQ005A,float,0,24
6811.C20HTA50CQ003A,float,0,120
6811.C20HTA50CQ001A,float,0,120
6811.C20DCS10FQ001,float,0,126
6811.C20DCS10FQ002,float,0,126
6811.C20DCS10FQ002A,float,0,126
6811.C20DCS10FQ002B,float,0,126
6811.C20HTA50CQ101,float,0,36
6811.C20HTB62CT901A,float,0,120
6811.C20HTA50CM101A,float,0,48
6811.C20HSK30CP101A,float,-8,1.2
6811.C2CEMSFLOW,float,0,24
6811.C20HTA50CF101,float,0,120000
6621.C10HTA50CQ005,float,0,24
6621.C10HTA50CQ003,float,0,120
6621.C10HTA50CQ001,float,0,120
6621.C10HTA50CQ005A,float,0,24
6621.C10HTA50CQ003A,float,0,120
6621.C10HTA50CQ001A,float,0,120
6621.C10DCS10FQ001,float,0,126
6621.C10DCS10FQ002,float,0,126
6621.C10DCS10FQ002A,float,0,126
6621.C10DCS10FQ002B,float,0,126
6621.C10HTA50CQ101,float,0,36
6621.C10HTB62CT901A,float,0,120
6621.C10HTA50CM101A,float,0,48
6621.C10HSK30CP101A,float,-8,1.2
6621.C1CEMSFLOW,float,0,24
6621.C10HTA50CF101,float,0,120000
6621.C30HTA50CQ005,float,0,24
6621.C30HTA50CQ003,float,0,120
6621.C30HTA50CQ001,float,0,120
6621.C30HTA50CQ005A,float,0,24
6621.C30HTA50CQ003A,float,0,120
6621.C30HTA50CQ001A,float,0,120
6621.C30DCS10FQ001,float,0,126
6621.C30DCS10FQ002,float,0,126
6621.C30DCS10FQ002A,float,0,126
6621.C30DCS10FQ002B,float,0,126
6621.C30HTA50CQ101,float,0,36
6621.C30HTB62CT901A,float,0,120
6621.C30HTA50CM101A,float,0,48
6621.C30HSK30CP101A,float,-8,1.2
6621.C3CEMSFLOW,float,0,24
6621.C30HTA50CF101,float,0,120000
6821.C10HTA50CQ005,float,0,24
6821.C10HTA50CQ003,float,0,120
6821.C10HTA50CQ001,float,0,120
6821.C10HTA50CQ005A,float,0,24
6821.C10HTA50CQ003A,float,0,120
6821.C10HTA50CQ001A,float,0,120
6821.C10DCS10FQ001,float,0,126
6821.C10DCS10FQ002,float,0,126
6821.C10DCS10FQ002A,float,0,126
6821.C10DCS10FQ002B,float,0,126
6821.C10HTA50CQ101,float,0,36
6821.C10HTB62CT901A,float,0,120
6821.C10HTA50CM101A,float,0,48
6821.C10HSK30CP101A,float,-8,1.2
6821.C1CEMSFLOW,float,0,24
6821.C10HTA50CF101,float,0,120000
6711.C10HTA50CQ005,float,0,24
6711.C10HTA50CQ003,float,0,120
6711.C10HTA50CQ001,float,0,120
6711.C10HTA50CQ005A,float,0,24
6711.C10HTA50CQ003A,float,0,120
6711.C10HTA50CQ001A,float,0,120
6711.C10DCS10FQ001,float,0,126
6711.C10DCS10FQ002,float,0,126
6711.C10DCS10FQ002A,float,0,126
6711.C10DCS10FQ002B,float,0,126
6711.C10HTA50CQ101,float,0,36
6711.C10HTB62CT901A,float,0,120
6711.C10HTA50CM101A,float,0,48
6711.C10HSK30CP101A,float,-8,1.2
6711.C1CEMSFLOW,float,0,24
6711.C10HTA50CF101,float,0,120000
6131.C10HTA50CQ005,float,0,24
6131.C10HTA50CQ003,float,0,120
6131.C10HTA50CQ001,float,0,120
6131.C10HTA50CQ005A,float,0,24
6131.C10HTA50CQ003A,float,0,120
6131.C10HTA50CQ001A,float,0,120
6131.C10DCS10FQ001,float,0,126
6131.C10DCS10FQ002,float,0,126
6131.C10DCS10FQ002A,float,0,126
6131.C10DCS10FQ002B,float,0,126
6131.C10HTA50CQ101,float,0,36
6131.C10HTB62CT901A,float,0,120
6131.C10HTA50CM101A,float,0,48
6131.C10HSK30CP101A,float,-8,1.2
6131.C1CEMSFLOW,float,0,24
6131.C10HTA50CF101,float,0,120000
6131.B10HTA50CQ005,float,0,24
6131.B10HTA50CQ003,float,0,120
6131.B10HTA50CQ001,float,0,120
6131.B10HTA50CQ005A,float,0,24
6131.B10HTA50CQ003A,float,0,120
6131.B10HTA50CQ001A,float,0,120
6131.B10DCS10FQ001,float,0,126
6131.B10DCS10FQ002,float,0,126
6131.B10DCS10FQ002A,float,0,126
6131.B10DCS10FQ002B,float,0,126
6131.B10HTA50CQ101,float,0,36
6131.B10HTB62CT901A,float,0,120
6131.B10HTA50CM101A,float,0,48
6131.B10HSK30CP101A,float,-8,1.2
6131.B1CEMSFLOW,float,0,24
6131.B10HTA50CF101,float,0,120000